{"epoch": 286, "train_loss": 1.4538744688034058, "val_loss": 1.6297742128372192, "_timestamp": 1711731631.794336, "_runtime": 2469.7362520694733, "_step": 286, "_wandb": {"runtime": 2475}}