{"epoch": 72, "train_loss": 1.4577234983444214, "val_loss": 1.602218508720398, "_timestamp": 1711732257.88187, "_runtime": 578.4723839759827, "_step": 72, "_wandb": {"runtime": 578}}